"Дата","Статистика випадків коронавірусу в Україні","дельта"
2020-01-03,0,
2020-01-04,0,
2020-01-05,0,
2020-01-06,0,
2020-01-07,0,
2020-01-08,0,
2020-01-09,0,
2020-01-10,0,
2020-01-11,0,
2020-01-12,0,
2020-01-13,0,
2020-01-14,0,
2020-01-15,0,
2020-01-16,0,
2020-01-17,0,
2020-01-18,0,
2020-01-19,0,
2020-01-20,0,
2020-01-21,0,
2020-01-22,0,
2020-01-23,0,
2020-01-24,0,
2020-01-25,0,
2020-01-26,0,
2020-01-27,0,
2020-01-28,0,
2020-01-29,0,
2020-01-30,0,
2020-01-31,0,
2020-02-01,0,
2020-02-02,0,
2020-02-03,0,
2020-02-04,0,
2020-02-05,0,
2020-02-06,0,
2020-02-07,0,
2020-02-08,0,
2020-02-09,0,
2020-02-10,0,
2020-02-11,0,
2020-02-12,0,
2020-02-13,0,
2020-02-14,0,
2020-02-15,0,
2020-02-16,0,
2020-02-17,0,
2020-02-18,0,
2020-02-19,0,
2020-02-20,0,
2020-02-21,0,
2020-02-22,0,
2020-02-23,0,
2020-02-24,0,
2020-02-25,0,
2020-02-26,0,
2020-02-27,0,
2020-02-28,0,
2020-02-29,0,
2020-03-01,0,
2020-03-02,0,
2020-03-03,1,1
2020-03-04,0,
2020-03-05,0,
2020-03-06,0,
2020-03-07,0,
2020-03-08,0,
2020-03-09,0,
2020-03-10,0,
2020-03-11,0,
2020-03-12,0,
2020-03-13,2,2
2020-03-14,0,
2020-03-15,0,
2020-03-16,0,
2020-03-17,0,
2020-03-18,11,11
2020-03-19,2,-9
2020-03-20,0,
2020-03-21,31,31
2020-03-22,0,
2020-03-23,26,26
2020-03-24,11,-15
2020-03-25,29,18
2020-03-26,43,14
2020-03-27,62,19
2020-03-28,93,31
2020-03-29,107,14
2020-03-30,62,-45
2020-03-31,69,7
2020-04-01,120,51
2020-04-02,135,15
2020-04-03,183,48
2020-04-04,109,-74
2020-04-05,155,46
2020-04-06,68,-87
2020-04-07,143,75
2020-04-08,206,63
2020-04-09,224,18
2020-04-10,311,87
2020-04-11,308,-3
2020-04-12,266,-42
2020-04-13,325,59
2020-04-14,270,-55
2020-04-15,392,122
2020-04-16,398,6
2020-04-17,500,102
2020-04-18,444,-56
2020-04-19,343,-101
2020-04-20,261,-82
2020-04-21,415,154
2020-04-22,467,52
2020-04-23,578,111
2020-04-24,477,-101
2020-04-25,478,1
2020-04-26,492,14
2020-04-27,392,-100
2020-04-28,401,9
2020-04-29,456,55
2020-04-30,540,84
2020-05-01,455,-85
2020-05-02,550,95
2020-05-03,502,-48
2020-05-04,418,-84
2020-05-05,366,-52
2020-05-06,487,121
2020-05-07,507,20
2020-05-08,504,-3
2020-05-09,515,11
2020-05-10,522,7
2020-05-11,416,-106
2020-05-12,375,-41
2020-05-13,402,27
2020-05-14,422,20
2020-05-15,483,61
2020-05-16,528,45
2020-05-17,433,-95
2020-05-18,325,-108
2020-05-19,260,-65
2020-05-20,354,94
2020-05-21,476,122
2020-05-22,442,-34
2020-05-23,432,-10
2020-05-24,406,-26
2020-05-25,259,-147
2020-05-26,339,80
2020-05-27,321,-18
2020-05-28,477,156
2020-05-29,429,-48
2020-05-30,393,-36
2020-05-31,468,75
2020-06-01,340,-128
2020-06-02,328,-12
2020-06-03,483,155
2020-06-04,588,105
2020-06-05,553,-35
2020-06-06,550,-3
2020-06-07,485,-65
2020-06-08,463,-22
2020-06-09,394,-69
2020-06-10,525,131
2020-06-11,689,164
2020-06-12,683,-6
2020-06-13,753,70
2020-06-14,648,-105
2020-06-15,656,8
2020-06-16,666,10
2020-06-17,758,92
2020-06-18,829,71
2020-06-19,921,92
2020-06-20,841,-80
2020-06-21,735,-106
2020-06-22,681,-54
2020-06-23,833,152
2020-06-24,940,107
2020-06-25,994,54
2020-06-26,1109,115
2020-06-27,948,-161
2020-06-28,917,-31
2020-06-29,646,-271
2020-06-30,706,60
2020-07-01,664,-42
2020-07-02,890,226
2020-07-03,875,-15
2020-07-04,914,39
2020-07-05,823,-91
2020-07-06,543,-280
2020-07-07,564,21
2020-07-08,807,243
2020-07-09,810,3
2020-07-10,819,9
2020-07-11,800,-19
2020-07-12,678,-122
2020-07-13,612,-66
2020-07-14,638,26
2020-07-15,836,198
2020-07-16,848,12
2020-07-17,809,-39
2020-07-18,847,38
2020-07-19,731,-116
2020-07-20,651,-80
2020-07-21,673,22
2020-07-22,829,156
2020-07-23,856,27
2020-07-24,972,116
2020-07-25,1106,134
2020-07-26,920,-186
2020-07-27,807,-113
2020-07-28,919,112
2020-07-29,1022,103
2020-07-30,1197,175
2020-07-31,1090,-107
2020-08-01,1172,82
2020-08-02,1112,-60
2020-08-03,990,-122
2020-08-04,1061,71
2020-08-05,1271,210
2020-08-06,1318,47
2020-08-07,1453,135
2020-08-08,1489,36
2020-08-09,1199,-290
2020-08-10,1008,-191
2020-08-11,1158,150
2020-08-12,1433,275
2020-08-13,1592,159
2020-08-14,1732,140
2020-08-15,1847,115
2020-08-16,1637,-210
2020-08-17,1464,-173
2020-08-18,1616,152
2020-08-19,1967,351
2020-08-20,2134,167
2020-08-21,2106,-28
2020-08-22,2328,222
2020-08-23,1987,-341
2020-08-24,1799,-188
2020-08-25,1658,-141
2020-08-26,1670,12
2020-08-27,1974,304
2020-08-28,2438,464
2020-08-29,2481,43
2020-08-30,2096,-385
2020-08-31,2141,45
2020-09-01,2088,-53
2020-09-02,2495,407
2020-09-03,2430,-65
2020-09-04,2723,293
2020-09-05,2836,113
2020-09-06,2107,-729
2020-09-07,2174,67
2020-09-08,2411,237
2020-09-09,2551,140
2020-09-10,2582,31
2020-09-11,3144,562
2020-09-12,3103,-41
2020-09-13,2476,-627
2020-09-14,2462,-14
2020-09-15,2905,443
2020-09-16,2958,53
2020-09-17,3584,626
2020-09-18,3228,-356
2020-09-19,3240,12
2020-09-20,2966,-274
2020-09-21,2675,-291
2020-09-22,2884,209
2020-09-23,3497,613
2020-09-24,3372,-125
2020-09-25,3565,193
2020-09-26,3833,268
2020-09-27,3130,-703
2020-09-28,2671,-459
2020-09-29,3627,956
2020-09-30,4027,400
2020-10-01,4069,42
2020-10-02,4633,564
2020-10-03,4661,28
2020-10-04,4140,-521
2020-10-05,3774,-366
2020-10-06,4348,574
2020-10-07,4753,405
2020-10-08,5397,644
2020-10-09,5804,407
2020-10-10,5728,-76
2020-10-11,4768,-960
2020-10-12,4420,-348
2020-10-13,5133,713
2020-10-14,5590,457
2020-10-15,5062,-528
2020-10-16,5992,930
2020-10-17,6410,418
2020-10-18,5231,-1179
2020-10-19,4766,-465
2020-10-20,5469,703
2020-10-21,6719,1250
2020-10-22,7053,334
2020-10-23,7517,464
2020-10-24,7014,-503
2020-10-25,6088,-926
2020-10-26,5426,-662
2020-10-27,6677,1251
2020-10-28,7474,797
2020-10-29,7342,-132
2020-10-30,8312,970
2020-10-31,8752,440
2020-11-01,7959,-793
2020-11-02,6754,-1205
2020-11-03,8899,2145
2020-11-04,9524,625
2020-11-05,9850,326
2020-11-06,9721,-129
2020-11-07,10746,1025
2020-11-08,9397,-1349
2020-11-09,8687,-710
2020-11-10,10179,1492
2020-11-11,10611,432
2020-11-12,11057,446
2020-11-13,11787,730
2020-11-14,12524,737
2020-11-15,10681,-1843
2020-11-16,9832,-849
2020-11-17,11968,2136
2020-11-18,12496,528
2020-11-19,13357,861
2020-11-20,14575,1218
2020-11-21,14580,5
2020-11-22,12079,-2501
2020-11-23,10945,-1134
2020-11-24,12287,1342
2020-11-25,13882,1595
2020-11-26,15331,1449
2020-11-27,16218,887
2020-11-28,16294,76
2020-11-29,12978,-3316
2020-11-30,9946,-3032
2020-12-01,12498,2552
2020-12-02,13141,643
2020-12-03,14496,1355
2020-12-04,15131,635
2020-12-05,13825,-1306
2020-12-06,11590,-2235
2020-12-07,8641,-2949
2020-12-08,10811,2170
2020-12-09,12585,1774
2020-12-10,13371,786
2020-12-11,13514,143
2020-12-12,12811,-703
2020-12-13,9176,-3635
2020-12-14,6451,-2725
2020-12-15,8416,1965
2020-12-16,10622,2206
2020-12-17,12047,1425
2020-12-18,12630,583
2020-12-19,11742,-888
2020-12-20,8325,-3417
2020-12-21,6545,-1780
2020-12-22,8513,1968
2020-12-23,10136,1623
2020-12-24,11490,1354
2020-12-25,11035,-455
2020-12-26,7709,-3326
2020-12-27,6113,-1596
2020-12-28,4385,-1728
2020-12-29,6988,2603
2020-12-30,7986,998
2020-12-31,9699,1713
2021-01-01,9432,-267
2021-01-02,5038,-4394
2021-01-03,4576,-462
2021-01-04,4158,-418
2021-01-05,5334,1176
2021-01-06,6911,1577
2021-01-07,8997,2086
2021-01-08,5676,-3321
2021-01-09,4846,-830
2021-01-10,5011,165
2021-01-11,4288,-723
2021-01-12,5116,828
2021-01-13,6409,1293
2021-01-14,7925,1516
2021-01-15,8199,274
2021-01-16,7729,-470
2021-01-17,5990,-1739
2021-01-18,3034,-2956
2021-01-19,3939,905
2021-01-20,4383,444
2021-01-21,5583,1200
2021-01-22,5348,-235
2021-01-23,4928,-420
2021-01-24,3915,-1013
2021-01-25,2516,-1399
2021-01-26,2779,263
2021-01-27,3776,997
2021-01-28,5529,1753
2021-01-29,5181,-348
2021-01-30,4685,-496
2021-01-31,3177,-1508
2021-02-01,2030,-1147
2021-02-02,2394,364
2021-02-03,3285,891
2021-02-04,5082,1797
2021-02-05,4923,-159
2021-02-06,4310,-613
2021-02-07,3370,-940
2021-02-08,2141,-1229
2021-02-09,2656,515
2021-02-10,3409,753
2021-02-11,5039,1630
2021-02-12,4773,-266
2021-02-13,5182,409
2021-02-14,3094,-2088
2021-02-15,2332,-762
2021-02-16,3143,811
2021-02-17,4286,1143
2021-02-18,6237,1951
2021-02-19,6531,294
2021-02-20,6295,-236
2021-02-21,4489,-1806
2021-02-22,3206,-1283
2021-02-23,4182,976
2021-02-24,5850,1668
2021-02-25,8147,2297
2021-02-26,8003,-144
2021-02-27,8172,169
2021-02-28,5833,-2339
2021-03-01,4285,-1548
2021-03-02,5336,1051
2021-03-03,7235,1899
2021-03-04,10057,2822
2021-03-05,10155,98
2021-03-06,9144,-1011
2021-03-07,7167,-1977
2021-03-08,5572,-1595
2021-03-09,3261,-2311
2021-03-10,6377,3116
2021-03-11,9084,2707
2021-03-12,12946,3862
2021-03-13,13276,330
2021-03-14,9012,-4264
2021-03-15,6792,-2220
2021-03-16,9642,2850
2021-03-17,11833,2191
2021-03-18,15053,3220
2021-03-19,15850,797
2021-03-20,15292,-558
2021-03-21,11145,-4147
2021-03-22,7893,-3252
2021-03-23,11476,3583
2021-03-24,14174,2698
2021-03-25,16669,2495
2021-03-26,18132,1463
2021-03-27,17424,-708
2021-03-28,11932,-5492
2021-03-29,8346,-3586
2021-03-30,10533,2187
2021-03-31,11226,693
2021-04-01,17569,6343
2021-04-02,19893,2324
2021-04-03,20341,448
2021-04-04,13738,-6603
2021-04-05,10179,-3559
2021-04-06,13276,3097
2021-04-07,15415,2139
2021-04-08,19419,4004
2021-04-09,19676,257
2021-04-10,17463,-2213
2021-04-11,12112,-5351
2021-04-12,7856,-4256
2021-04-13,11680,3824
2021-04-14,14553,2873
2021-04-15,16427,1874
2021-04-16,17479,1052
2021-04-17,14984,-2495
2021-04-18,10282,-4702
2021-04-19,6506,-3776
2021-04-20,8940,2434
2021-04-21,12162,3222
2021-04-22,16235,4073
2021-04-23,14277,-1958
2021-04-24,12711,-1566
2021-04-25,7930,-4781
2021-04-26,5062,-2868
2021-04-27,7915,2853
2021-04-28,9590,1675
2021-04-29,11627,2037
2021-04-30,10072,-1555
2021-05-01,8549,-1523
2021-05-02,5094,-3455
2021-05-03,2758,-2336
2021-05-04,2472,-286
2021-05-05,2576,104
2021-05-06,6038,3462
2021-05-07,8404,2366
2021-05-08,8710,306
2021-05-09,5372,-3338
2021-05-10,2817,-2555
2021-05-11,2208,-609
2021-05-12,4538,2330
2021-05-13,6813,2275
2021-05-14,7562,749
2021-05-15,6796,-766
2021-05-16,3620,-3176
2021-05-17,2136,-1484
2021-05-18,4095,1959
2021-05-19,5138,1043
2021-05-20,5165,27
2021-05-21,4984,-181
2021-05-22,4606,-378
2021-05-23,2533,-2073
2021-05-24,1334,-1199
2021-05-25,2608,1274
2021-05-26,3395,787
2021-05-27,3509,114
2021-05-28,3306,-203
2021-05-29,3096,-210
2021-05-30,1703,-1393
2021-05-31,1022,-681
2021-06-01,2137,1115
2021-06-02,2205,68
2021-06-03,2581,376
2021-06-04,2266,-315
2021-06-05,1897,-369
2021-06-06,937,-960
2021-06-07,535,-402
2021-06-08,1602,1067
2021-06-09,1385,-217
2021-06-10,1785,400
2021-06-11,1603,-182
2021-06-12,1274,-329
2021-06-13,857,-417
2021-06-14,420,-437
2021-06-15,1014,594
2021-06-16,1045,31
2021-06-17,1188,143
2021-06-18,967,-221
2021-06-19,852,-115
2021-06-20,479,-373
2021-06-21,323,-156
2021-06-22,296,-27
2021-06-23,835,539
2021-06-24,937,102
2021-06-25,876,-61
2021-06-26,756,-120
2021-06-27,450,-306
2021-06-28,285,-165
2021-06-29,182,-103
2021-06-30,633,451
2021-07-01,705,72
2021-07-02,696,-9
2021-07-03,705,9
2021-07-04,377,-328
2021-07-05,244,-133
2021-07-06,541,297
2021-07-07,610,69
2021-07-08,617,7
2021-07-09,655,38
2021-07-10,507,-148
2021-07-11,290,-217
2021-07-12,174,-116
2021-07-13,481,307
2021-07-14,547,66
2021-07-15,623,76
2021-07-16,737,114
2021-07-17,591,-146
2021-07-18,299,-292
2021-07-19,182,-117
2021-07-20,598,416
2021-07-21,655,57
2021-07-22,726,71
2021-07-23,763,37
2021-07-24,745,-18
2021-07-25,286,-459
2021-07-26,213,-73
2021-07-27,681,468
2021-07-28,717,36
2021-07-29,846,129
2021-07-30,962,116
2021-07-31,916,-46
2021-08-01,484,-432
2021-08-02,265,-219
2021-08-03,827,562
2021-08-04,984,157
2021-08-05,1052,68
2021-08-06,1081,29
2021-08-07,1054,-27
2021-08-08,619,-435
2021-08-09,300,-319
2021-08-10,781,481
2021-08-11,1122,341
2021-08-12,1247,125
2021-08-13,1263,16
2021-08-14,1353,90
2021-08-15,695,-658
2021-08-16,417,-278
2021-08-17,890,473
2021-08-18,1447,557
2021-08-19,1560,113
2021-08-20,1600,40
2021-08-21,1732,132
2021-08-22,1003,-729
2021-08-23,610,-393
2021-08-24,692,82
2021-08-25,727,35
2021-08-26,1581,854
2021-08-27,2032,451
2021-08-28,2082,50
2021-08-29,1906,-176
2021-08-30,749,-1157
2021-08-31,1356,607
2021-09-01,2075,719
2021-09-02,2477,402
2021-09-03,2693,216
2021-09-04,2614,-79
2021-09-05,1379,-1235
2021-09-06,773,-606
2021-09-07,2197,1424
2021-09-08,2772,575
2021-09-09,3663,891
2021-09-10,3615,-48
2021-09-11,3869,254
2021-09-12,2196,-1673
2021-09-13,1205,-991
2021-09-14,3332,2127
2021-09-15,4640,1308
2021-09-16,5744,1104
2021-09-17,6624,880
2021-09-18,6234,-390
2021-09-19,3983,-2251
2021-09-20,2265,-1718
2021-09-21,5159,2894
2021-09-22,6754,1595
2021-09-23,7866,1112
2021-09-24,9058,1192
2021-09-25,8267,-791
2021-09-26,4647,-3620
2021-09-27,3007,-1640
2021-09-28,6552,3545
2021-09-29,9666,3114
2021-09-30,11757,2091
2021-10-01,12034,277
2021-10-02,11809,-225
2021-10-03,7967,-3842
2021-10-04,4821,-3146
2021-10-05,9846,5025
2021-10-06,12662,2816
2021-10-07,15125,2463
2021-10-08,16362,1237
2021-10-09,15908,-454
2021-10-10,11344,-4564
2021-10-11,8832,-2512
2021-10-12,11996,3164
2021-10-13,16309,4313
2021-10-14,18881,2572
2021-10-15,13624,-5257
2021-10-16,12983,-641
2021-10-17,11288,-1695
2021-10-18,9524,-1764
2021-10-19,15579,6055
2021-10-20,18912,3333
2021-10-21,22415,3503
2021-10-22,23785,1370
2021-10-23,23229,-556
2021-10-24,20791,-2438
2021-10-25,14634,-6157
2021-10-26,19120,4486
2021-10-27,22574,3454
2021-10-28,26071,3497
2021-10-29,26870,799
2021-10-30,26198,-672
2021-10-31,17430,-8768
2021-11-01,13936,-3494
2021-11-02,19455,5519
2021-11-03,23393,3938
2021-11-04,27377,3984
2021-11-05,26488,-889
2021-11-06,25063,-1425
2021-11-07,17419,-7644
2021-11-08,13068,-4351
2021-11-09,18988,5920
2021-11-10,23283,4295
2021-11-11,24747,1464
2021-11-12,24058,-689
2021-11-13,23572,-486
2021-11-14,14490,-9082
2021-11-15,10802,-3688
2021-11-16,16308,5506
2021-11-17,18668,2360
2021-11-18,20591,1923
2021-11-19,20050,-541
2021-11-20,18250,-1800
2021-11-21,10635,-7615
2021-11-22,7464,-3171
2021-11-23,12729,5265
2021-11-24,14325,1596
2021-11-25,16943,2618
2021-11-26,15936,-1007
2021-11-27,14200,-1736
2021-11-28,7483,-6717
2021-11-29,5804,-1679
2021-11-30,10554,4750
2021-12-01,11960,1406
2021-12-02,13531,1571
2021-12-03,13777,246
2021-12-04,13206,-571
2021-12-05,6622,-6584
2021-12-06,4478,-2144
2021-12-07,8655,4177
2021-12-08,9371,716
2021-12-09,12376,3005
2021-12-10,11327,-1049
2021-12-11,10133,-1194
2021-12-12,5275,-4858
2021-12-13,4073,-1202
2021-12-14,7283,3210
2021-12-15,8109,826
2021-12-16,9590,1481
2021-12-17,8899,-691
2021-12-18,7503,-1396
2021-12-19,3602,-3901
2021-12-20,2536,-1066
2021-12-21,6029,3493
2021-12-22,6363,334
2021-12-23,7312,949
2021-12-24,6647,-665
2021-12-25,5276,-1371
2021-12-26,2810,-2466
2021-12-27,1864,-946
2021-12-28,2248,384
2021-12-29,5454,3206
2021-12-30,5930,476
2021-12-31,7029,1099
2022-01-01,5026,-2003
2022-01-02,1863,-3163
2022-01-03,1804,-59
2022-01-04,1746,-58
2022-01-05,4571,2825
2022-01-06,6632,2061
2022-01-07,7177,545
2022-01-08,3195,-3982
2022-01-09,2810,-385
2022-01-10,1969,-841
2022-01-11,5429,3460
2022-01-12,7117,1688
2022-01-13,10046,2929
2022-01-14,10476,430
2022-01-15,10569,93
2022-01-16,6379,-4190
2022-01-17,5072,-1307
2022-01-18,8558,3486
2022-01-19,12815,4257
2022-01-20,18479,5664
2022-01-21,20156,1677
2022-01-22,22473,2317
2022-01-23,15444,-7029
2022-01-24,12915,-2529
2022-01-25,19118,6203
2022-01-26,24321,5203
2022-01-27,32393,8072
2022-01-28,34408,2015
2022-01-29,37351,2943
2022-01-30,24508,-12843
2022-01-31,22026,-2482
2022-02-01,30768,8742
2022-02-02,35014,4246
2022-02-03,39620,4606
2022-02-04,43778,4158
2022-02-05,42533,-1245
2022-02-06,27851,-14682
2022-02-07,23378,-4473
2022-02-08,34353,10975
2022-02-09,38257,3904
2022-02-10,41694,3437
2022-02-11,41229,-465
2022-02-12,38212,-3017
2022-02-13,24518,-13694
2022-02-14,16993,-7525
2022-02-15,29724,12731
2022-02-16,31513,1789
2022-02-17,33330,1817
2022-02-18,34938,1608
2022-02-19,31125,-3813
2022-02-20,17448,-13677
2022-02-21,13562,-3886
2022-02-22,24440,10878
2022-02-23,25062,622
2022-02-24,25789,727
2022-02-25,11664,-14125
2022-02-26,5764,-5900
2022-02-27,4943,-821
2022-02-28,3481,-1462
2022-03-01,6667,3186
2022-03-02,6879,212
2022-03-03,6536,-343
2022-03-04,6901,365
2022-03-05,6370,-531
2022-03-06,3431,-2939
2022-03-07,2747,-684
2022-03-08,4332,1585
2022-03-09,3022,-1310
2022-03-10,6112,3090
2022-03-11,5858,-254
2022-03-12,5834,-24
2022-03-13,3987,-1847
2022-03-14,2256,-1731
2022-03-15,6120,3864
2022-03-16,5229,-891
2022-03-17,5144,-85
2022-03-18,5131,-13
2022-03-19,4763,-368
2022-03-20,2239,-2524
2022-03-21,1731,-508
2022-03-22,4442,2711
2022-03-23,4221,-221
2022-03-24,3855,-366
2022-03-25,3630,-225
2022-03-26,3406,-224
2022-03-27,1527,-1879
2022-03-28,1236,-291
2022-03-29,2635,1399
2022-03-30,2525,-110
2022-03-31,2558,33
2022-04-01,2081,-477
2022-04-02,2915,834
2022-04-03,1185,-1730
2022-04-04,757,-428
2022-04-05,2099,1342
2022-04-06,2161,62
2022-04-07,2226,65
2022-04-08,2025,-201
2022-04-09,2217,192
2022-04-10,267,-1950
2022-04-11,417,150
2022-04-12,2135,1718
2022-04-13,1605,-530
2022-04-14,1575,-30
2022-04-15,1134,-441
2022-04-16,874,-260
2022-04-17,387,-487
2022-04-18,304,-83
2022-04-19,1082,778
2022-04-20,1144,62
2022-04-21,1021,-123
2022-04-22,813,-208
2022-04-23,768,-45
2022-04-24,301,-467
2022-04-25,224,-77
2022-04-26,655,431
2022-04-27,812,157
2022-04-28,1055,243
2022-04-29,680,-375
2022-04-30,652,-28
2022-05-01,299,-353
2022-05-02,200,-99
2022-05-03,0,
2022-05-04,0,
2022-05-05,0,
2022-05-06,0,
2022-05-07,0,
2022-05-08,0,
2022-05-09,3590,3590
2022-05-10,0,
2022-05-11,0,
2022-05-12,0,
2022-05-13,0,
2022-05-14,0,
2022-05-15,0,
2022-05-16,2841,2841
2022-05-17,0,
2022-05-18,0,
2022-05-19,0,
2022-05-20,0,
2022-05-21,0,
2022-05-22,0,
2022-05-23,2132,2132
2022-05-24,0,
2022-05-25,0,
2022-05-26,0,
2022-05-27,0,
2022-05-28,0,
2022-05-29,0,
2022-05-30,1896,1896
2022-05-31,0,
2022-06-01,0,
2022-06-02,0,
2022-06-03,0,
2022-06-04,0,
2022-06-05,0,
2022-06-06,1600,1600
2022-06-07,0,
2022-06-08,0,
2022-06-09,0,
2022-06-10,0,
2022-06-11,0,
2022-06-12,0,
2022-06-13,1065,1065
2022-06-14,0,
2022-06-15,0,
2022-06-16,0,
2022-06-17,0,
2022-06-18,0,
2022-06-19,0,
2022-06-20,1044,1044
2022-06-21,0,
2022-06-22,0,
2022-06-23,0,
2022-06-24,0,
2022-06-25,0,
2022-06-26,0,
2022-06-27,981,981
2022-06-28,0,
2022-06-29,0,
2022-06-30,0,
2022-07-01,0,
2022-07-02,0,
2022-07-03,0,
2022-07-04,1106,1106
2022-07-05,0,
2022-07-06,0,
2022-07-07,0,
2022-07-08,0,
2022-07-09,0,
2022-07-10,0,
2022-07-11,1056,1056
2022-07-12,0,
2022-07-13,0,
2022-07-14,0,
2022-07-15,0,
2022-07-16,0,
2022-07-17,0,
2022-07-18,1431,1431
2022-07-19,0,
2022-07-20,0,
2022-07-21,0,
2022-07-22,0,
2022-07-23,0,
2022-07-24,0,
2022-07-25,2098,2098
2022-07-26,0,
2022-07-27,0,
2022-07-28,0,
2022-07-29,0,
2022-07-30,0,
2022-07-31,0,
2022-08-01,2786,2786
2022-08-02,0,
2022-08-03,0,
2022-08-04,0,
2022-08-05,0,
2022-08-06,0,
2022-08-07,0,
2022-08-08,3893,3893
2022-08-09,0,
2022-08-10,0,
2022-08-11,0,
2022-08-12,0,
2022-08-13,0,
2022-08-14,0,
2022-08-15,5439,5439
2022-08-16,0,
2022-08-17,0,
2022-08-18,0,
2022-08-19,0,
2022-08-20,0,
2022-08-21,0,
2022-08-22,9113,9113
2022-08-23,0,
2022-08-24,0,
2022-08-25,0,
2022-08-26,0,
2022-08-27,0,
2022-08-28,0,
2022-08-29,11437,11437
2022-08-30,0,
2022-08-31,0,
2022-09-01,0,
2022-09-02,0,
2022-09-03,0,
2022-09-04,0,
2022-09-05,16155,16155
2022-09-06,0,
2022-09-07,0,
2022-09-08,0,
2022-09-09,0,
2022-09-10,0,
2022-09-11,0,
2022-09-12,23864,23864
2022-09-13,0,
2022-09-14,0,
2022-09-15,0,
2022-09-16,0,
2022-09-17,0,
2022-09-18,0,
2022-09-19,36683,36683
2022-09-20,0,
2022-09-21,0,
2022-09-22,0,
2022-09-23,0,
2022-09-24,0,
2022-09-25,0,
2022-09-26,0,
2022-09-27,44137,44137
2022-09-28,0,
2022-09-29,0,
2022-09-30,0,
2022-10-01,0,
2022-10-02,0,
2022-10-03,0,
2022-10-04,42802,42802
2022-10-05,0,
2022-10-06,0,
2022-10-07,0,
2022-10-08,0,
2022-10-09,0,
2022-10-10,0,
2022-10-11,36413,36413
2022-10-12,0,
2022-10-13,0,
2022-10-14,0,
2022-10-15,0,
2022-10-16,0,
2022-10-17,0,
2022-10-18,22914,22914
2022-10-19,0,
2022-10-20,0,
2022-10-21,0,
2022-10-22,0,
2022-10-23,0,
2022-10-24,0,
2022-10-25,16908,16908
2022-10-26,0,
2022-10-27,0,
2022-10-28,0,
2022-10-29,0,
2022-10-30,0,
2022-10-31,0,
2022-11-01,16378,16378
2022-11-02,0,
2022-11-03,0,
2022-11-04,0,
2022-11-05,0,
2022-11-06,0,
2022-11-07,0,
2022-11-08,9587,9587
2022-11-09,0,
2022-11-10,0,
2022-11-11,0,
2022-11-12,0,
2022-11-13,0,
2022-11-14,0,
2022-11-15,7317,7317
2022-11-16,0,
2022-11-17,0,
2022-11-18,0,
2022-11-19,0,
2022-11-20,0,
2022-11-21,0,
2022-11-22,6757,6757
2022-11-23,0,
2022-11-24,0,
2022-11-25,0,
2022-11-26,0,
2022-11-27,0,
2022-11-28,0,
2022-11-29,4991,4991
2022-11-30,0,
2022-12-01,0,
2022-12-02,0,
2022-12-03,0,
2022-12-04,0,
2022-12-05,0,
2022-12-06,4810,4810
2022-12-07,0,
2022-12-08,0,
2022-12-09,0,
2022-12-10,0,
2022-12-11,0,
2022-12-12,0,
2022-12-13,4286,4286
2022-12-14,0,
2022-12-15,0,
2022-12-16,0,
2022-12-17,0,
2022-12-18,0,
2022-12-19,0,
2022-12-20,4358,4358
2022-12-21,0,
2022-12-22,0,
2022-12-23,0,
2022-12-24,0,
2022-12-25,0,
2022-12-26,0,
2022-12-27,3203,3203
2022-12-28,0,
2022-12-29,0,
2022-12-30,0,
2022-12-31,0,
2023-01-01,0,
2023-01-02,0,
2023-01-03,3411,3411
2023-01-04,0,
2023-01-05,0,
2023-01-06,0,
2023-01-07,0,
2023-01-08,0,
2023-01-09,0,
2023-01-10,2970,2970
2023-01-11,0,
2023-01-12,0,
2023-01-13,0,
2023-01-14,0,
2023-01-15,0,
2023-01-16,0,
2023-01-17,2710,2710
2023-01-18,0,
2023-01-19,0,
2023-01-20,0,
2023-01-21,0,
2023-01-22,0,
2023-01-23,0,
2023-01-24,3099,3099
2023-01-25,0,
2023-01-26,0,
2023-01-27,0,
2023-01-28,0,
2023-01-29,0,
2023-01-30,0,
2023-01-31,2973,2973
2023-02-01,0,
2023-02-02,0,
2023-02-03,0,
2023-02-04,0,
2023-02-05,0,
2023-02-06,0,
2023-02-07,3708,3708
2023-02-08,0,
2023-02-09,0,
2023-02-10,0,
2023-02-11,0,
2023-02-12,0,
2023-02-13,0,
2023-02-14,5283,5283
2023-02-15,0,
2023-02-16,0,
2023-02-17,0,
2023-02-18,0,
2023-02-19,0,
2023-02-20,0,
2023-02-21,7344,7344
2023-02-22,0,
2023-02-23,0,
2023-02-24,0,
2023-02-25,0,
2023-02-26,0,
2023-02-27,0,
2023-02-28,9792,9792
2023-03-01,0,
2023-03-02,0,
2023-03-03,0,
2023-03-04,0,
2023-03-05,0,
2023-03-06,0,
2023-03-07,12757,12757
2023-03-08,0,
2023-03-09,0,
2023-03-10,0,
2023-03-11,0,
2023-03-12,0,
2023-03-13,0,
2023-03-14,15372,15372
2023-03-15,0,
2023-03-16,0,
2023-03-17,0,
2023-03-18,0,
2023-03-19,0,
2023-03-20,0,
2023-03-21,18619,18619
2023-03-22,0,
2023-03-23,0,
2023-03-24,0,
2023-03-25,0,
2023-03-26,0,
2023-03-27,0,
2023-03-28,19975,19975
2023-03-29,0,
2023-03-30,0,
2023-03-31,0,
2023-04-01,0,
2023-04-02,0,
2023-04-03,0,
2023-04-04,18982,18982
2023-04-05,0,
2023-04-06,0,
2023-04-07,0,
2023-04-08,0,
2023-04-09,0,
2023-04-10,0,
2023-04-11,0,
2023-04-12,0,
